date,sym,triggered,trigger,entry,exit,t_entry,t_exit,stopdist,R,stopped,stopped_same_minute,slippage_entry_R,virtual_shares,virtual_pnl,note
2026-10-02,NKE,True,33.07,33.08,32.95,09:36:35,09:37:19,0.0963,-1.35,True,False,0.104,0.3023,-0.0393,
2026-10-02,RIOT,True,20.61,20.62,20.46,09:36:37,10:53:14,0.1447,-1.106,True,False,0.069,0.48497,-0.0776,
2026-10-05,UBER,True,69.62,69.64,69.49,10:09:59,10:14:30,0.1443,-1.04,True,False,0.139,0.14326,-0.0215,
2026-10-05,BMY,False,,,,,,,,,,,,,
2026-10-05,LRCX,False,,,,,,,,,,,,,
2026-10-06,MRVL,True,287.36,287.91,286.33,09:36:26,09:49:59,1.1971,-1.32,True,False,0.459,0.03464,-0.0547,
2026-10-06,DAL,True,85.17,85.25,84.94,09:36:26,09:46:33,0.2469,-1.256,True,False,0.324,0.11698,-0.0363,
2026-10-06,MS,True,192.33,192.4,191.78,09:36:27,09:37:28,0.442,-1.403,True,False,0.158,0.05183,-0.0321,
2026-10-07,LRCX,True,325.08,325.36,323.71,09:45:29,09:46:12,1.2939,-1.275,True,False,0.216,0.03057,-0.0504,
2026-10-07,RBLX,True,45.5,45.7,45.66,09:36:19,09:36:29,0.2425,-0.165,True,True,0.825,0.21767,-0.0087,
